{
    "name": "minilabaen",
    "vendorId": "0x0777",
    "productId": "0x0002",
    "lighting": "none",
    "matrix": {
      "rows": 4,
      "cols": 13
    },
    "layouts": {
      "labels": [
        "Non-Minila Bars"
      ],
      "keymap": [
        [
          "0,0",
          "0,1",
          "0,2",
          "0,3",
          "0,4",
          "0,5",
          "0,6",
          "0,7",
          "0,8",
          "0,9",
          "0,10",
          "0,11",
          "0,12"
        ],
        [
          {
            "w": 1.25
          },
          "1,0",
          "1,1",
          "1,2",
          "1,3",
          "1,4",
          "1,5",
          "1,6",
          "1,7",
          "1,8",
          "1,9",
          "1,10",
          {
            "w": 1.75
          },
          "1,12"
        ],
        [
          {
            "w": 1.75
          },
          "2,0",
          "2,2",
          "2,3",
          "2,4",
          "2,5",
          "2,6",
          "2,7",
          "2,8",
          "2,9",
          "2,10",
          "2,11",
          {
            "w": 1.25
          },
          "2,12"
        ],
        [
          {
            "w": 1.275
          },
          "3,0\n\n\n0,0",
          {
            "w": 1.02
          },
          "3,1\n\n\n0,0",
          {
            "w": 1.275
          },
          "3,3\n\n\n0,0",
          {
            "x": -0.0009999999999998899,
            "w": 3.06
          },
          "3,8\n\n\n0,0",
          {
            "w": 2.8
          },
          "3,5\n\n\n0,0",
          {
            "x": 0.0009999999999994458,
            "w": 1.275
          },
          "3,10\n\n\n0,0",
          {
            "w": 1.02
          },
          "3,11\n\n\n0,0",
          {
            "w": 1.275
          },
          "3,12\n\n\n0,0"
        ],
        [
          {
            "y": 0.25,
            "w": 1.53
          },
          "3,0\n\n\n0,1",
          {
            "w": 1.02
          },
          "3,1\n\n\n0,1",
          {
            "w": 1.53
          },
          "3,3\n\n\n0,1",
          {
            "w": 2.04
          },
          "3,5\n\n\n0,1",
          {
            "x": -0.001000000000000334,
            "w": 2.804
          },
          "3,8\n\n\n0,1",
          {
            "w": 1.53
          },
          "3,10\n\n\n0,1",
          {
            "w": 1.02
          },
          "3,11\n\n\n0,1",
          {
            "w": 1.53
          },
          "3,12\n\n\n0,1"
        ]
      ]
    }
  }