{
  "name": "minilabaen",
  "vendorId": "0x0777",
  "productId": "0xB3A7",
  "lighting": "none",
  "matrix": {
    "rows": 4,
    "cols": 13
  },
  "layouts": {
    "labels": [
      "Bottom Row"
    ],
    "keymap": [
      [
        "0,0",
        "0,1",
        "0,2",
        "0,3",
        "0,4",
        "0,5",
        "0,6",
        "0,7",
        "0,8",
        "0,9",
        "0,10",
        "0,11",
        "0,12"
      ],
      [
        {
          "w": 1.25
        },
        "1,0",
        "1,1",
        "1,2",
        "1,3",
        "1,4",
        "1,5",
        "1,6",
        "1,7",
        "1,8",
        "1,9",
        "1,10",
        {
          "w": 1.75
        },
        "1,12"
      ],
      [
        {
          "w": 1.78
        },
        "2,0",
        {
          "w": 1.02
        },
        "2,2",
        {
          "w": 1.02
        },
        "2,3",
        {
          "w": 1.02
        },
        "2,4",
        {
          "w": 1.02
        },
        "2,5",
        {
          "w": 1.02
        },
        "2,6",
        {
          "w": 1.02
        },
        "2,7",
        {
          "w": 1.02
        },
        "2,8",
        {
          "w": 1.02
        },
        "2,9",
        {
          "w": 1.02
        },
        "2,10",
        {
          "w": 1.02
        },
        "2,11",
        {
          "w": 1.02
        },
        "2,12"
      ],
      [
        {
          "w": 1.275
        },
        "3,0",
        {
          "w": 1.02
        },
        "3,2",
        {
          "w": 1.275
        },
        "3,3",
        {
          "x": -0.0009999999999998899,
          "c": "#a5bbfa",
          "w": 3.06
        },
        "3,8\n\n\n0,0",
        {
          "w": 2.8
        },
        "3,5\n\n\n0,0",
        {
          "x": 0.0009999999999994458,
          "w": 1.275
        },
        "3,10\n\n\n0,0",
        {
          "w": 1.02
        },
        "3,11\n\n\n0,0",
        {
          "w": 1.275
        },
        "3,12\n\n\n0,0"
      ],
      [
        {
          "y": 0.25,
          "x": 3.62,
          "c": "#addeba",
          "w": 6.37
        },
        "3,8\n\n\n0,1",
        {
          "x": -0.05000000000000071,
          "w": 1.02
        },
        "3,10\n\n\n0,1",
        {
          "w": 1.02
        },
        "3,11\n\n\n0,1",
        {
          "w": 1.02
        },
        "3,12\n\n\n0,1"
      ]
    ]
  }
}

